date,downloads,project,image
2024-01-08,1524897,pgvector,ankane/pgvector
2024-01-08,188078,pgvecto.rs,tensorchord/pgvecto-rs
2024-01-08,10165857,milvus,milvusdb/milvus
2024-01-08,5000110,qdrant,qdrant/qdrant
2024-01-08,53743,chromadb,chromadb/chroma
2024-01-08,2925405,pinecone,semitechnologies/weaviate
2024-01-09,1545042,pgvector,ankane/pgvector
2024-01-09,196623,pgvecto.rs,tensorchord/pgvecto-rs
2024-01-09,10179744,milvus,milvusdb/milvus
2024-01-09,5012961,qdrant,qdrant/qdrant
2024-01-09,54256,chromadb,chromadb/chroma
2024-01-09,2932219,pinecone,semitechnologies/weaviate
2024-01-10,1567734,pgvector,ankane/pgvector
2024-01-10,207337,pgvecto.rs,tensorchord/pgvecto-rs
2024-01-10,10211167,milvus,milvusdb/milvus
2024-01-10,5021605,qdrant,qdrant/qdrant
2024-01-10,54973,chromadb,chromadb/chroma
2024-01-10,2937415,pinecone,semitechnologies/weaviate
2024-01-12,1612423,pgvector,ankane/pgvector
2024-01-12,227494,pgvecto.rs,tensorchord/pgvecto-rs
2024-01-12,10257869,milvus,milvusdb/milvus
2024-01-12,5041744,qdrant,qdrant/qdrant
2024-01-12,56825,chromadb,chromadb/chroma
2024-01-12,2948516,pinecone,semitechnologies/weaviate
2024-01-16,1661366,pgvector,ankane/pgvector
2024-01-16,261532,pgvecto.rs,tensorchord/pgvecto-rs
2024-01-16,10345486,milvus,milvusdb/milvus
2024-01-16,5078651,qdrant,qdrant/qdrant
2024-01-16,59648,chromadb,chromadb/chroma
2024-01-16,2976980,pinecone,semitechnologies/weaviate
2024-01-18,1720159,pgvector,ankane/pgvector
2024-01-18,281636,pgvecto.rs,tensorchord/pgvecto-rs
2024-01-18,10384324,milvus,milvusdb/milvus
2024-01-18,5103551,qdrant,qdrant/qdrant
2024-01-18,61962,chromadb,chromadb/chroma
2024-01-18,2995067,pinecone,semitechnologies/weaviate
2024-01-19,1739202,pgvector,ankane/pgvector
2024-01-19,287979,pgvecto.rs,tensorchord/pgvecto-rs
2024-01-19,10401550,milvus,milvusdb/milvus
2024-01-19,5111164,qdrant,qdrant/qdrant
2024-01-19,62734,chromadb,chromadb/chroma
2024-01-19,2999847,pinecone,semitechnologies/weaviate
2024-01-22,1766510,pgvector,ankane/pgvector
2024-01-22,315847,pgvecto.rs,tensorchord/pgvecto-rs
2024-01-22,10453271,milvus,milvusdb/milvus
2024-01-22,5129496,qdrant,qdrant/qdrant
2024-01-22,63826,chromadb,chromadb/chroma
2024-01-22,3019619,pinecone,semitechnologies/weaviate
2024-01-24,1830429,pgvector,ankane/pgvector
2024-01-24,345774,pgvecto.rs,tensorchord/pgvecto-rs
2024-01-24,10501052,milvus,milvusdb/milvus
2024-01-24,5153302,qdrant,qdrant/qdrant
2024-01-24,65640,chromadb,chromadb/chroma
2024-01-24,3039535,pinecone,semitechnologies/weaviate
2024-01-25,1845110,pgvector,ankane/pgvector
2024-01-25,351222,pgvecto.rs,tensorchord/pgvecto-rs
2024-01-25,10520322,milvus,milvusdb/milvus
2024-01-25,5160822,qdrant,qdrant/qdrant
2024-01-25,66311,chromadb,chromadb/chroma
2024-01-25,3042453,pinecone,semitechnologies/weaviate
2024-01-26,1868944,pgvector,ankane/pgvector
2024-01-26,364110,pgvecto.rs,tensorchord/pgvecto-rs
2024-01-26,10535488,milvus,milvusdb/milvus
2024-01-26,5178119,qdrant,qdrant/qdrant
2024-01-26,68078,chromadb,chromadb/chroma
2024-01-26,3050729,pinecone,semitechnologies/weaviate
2024-01-27,1885016,pgvector,ankane/pgvector
2024-01-27,373071,pgvecto.rs,tensorchord/pgvecto-rs
2024-01-27,10564748,milvus,milvusdb/milvus
2024-01-27,5188352,qdrant,qdrant/qdrant
2024-01-27,68852,chromadb,chromadb/chroma
2024-01-27,3056543,pinecone,semitechnologies/weaviate
2024-01-28,1888193,pgvector,ankane/pgvector
2024-01-28,385448,pgvecto.rs,tensorchord/pgvecto-rs
2024-01-28,10592331,milvus,milvusdb/milvus
2024-01-28,5195687,qdrant,qdrant/qdrant
2024-01-28,70194,chromadb,chromadb/chroma
2024-01-28,3058233,pinecone,semitechnologies/weaviate
2024-01-29,1894158,pgvector,ankane/pgvector
2024-01-29,397351,pgvecto.rs,tensorchord/pgvecto-rs
2024-01-29,10609199,milvus,milvusdb/milvus
2024-01-29,5201759,qdrant,qdrant/qdrant
2024-01-29,71593,chromadb,chromadb/chroma
2024-01-29,3060883,pinecone,semitechnologies/weaviate
2024-01-30,1917893,pgvector,ankane/pgvector
2024-01-30,408259,pgvecto.rs,tensorchord/pgvecto-rs
2024-01-30,10645554,milvus,milvusdb/milvus
2024-01-30,5212787,qdrant,qdrant/qdrant
2024-01-30,72707,chromadb,chromadb/chroma
2024-01-30,3069701,pinecone,semitechnologies/weaviate
2024-01-31,1946222,pgvector,ankane/pgvector
2024-01-31,419794,pgvecto.rs,tensorchord/pgvecto-rs
2024-01-31,10662092,milvus,milvusdb/milvus
2024-01-31,5225405,qdrant,qdrant/qdrant
2024-01-31,74605,chromadb,chromadb/chroma
2024-01-31,3077812,pinecone,semitechnologies/weaviate
2024-02-01,1970349,pgvector,ankane/pgvector
2024-02-01,430810,pgvecto.rs,tensorchord/pgvecto-rs
2024-02-01,10688183,milvus,milvusdb/milvus
2024-02-01,5237843,qdrant,qdrant/qdrant
2024-02-01,75916,chromadb,chromadb/chroma
2024-02-01,3085204,pinecone,semitechnologies/weaviate
2024-02-04,2019325,pgvector,ankane/pgvector
2024-02-04,466394,pgvecto.rs,tensorchord/pgvecto-rs
2024-02-04,10789239,milvus,milvusdb/milvus
2024-02-04,5264448,qdrant,qdrant/qdrant
2024-02-04,78376,chromadb,chromadb/chroma
2024-02-04,3097231,pinecone,semitechnologies/weaviate
2024-02-06,2048524,pgvector,ankane/pgvector
2024-02-06,490362,pgvecto.rs,tensorchord/pgvecto-rs
2024-02-06,10833802,milvus,milvusdb/milvus
2024-02-06,5279494,qdrant,qdrant/qdrant
2024-02-06,79191,chromadb,chromadb/chroma
2024-02-06,3104055,pinecone,semitechnologies/weaviate
